,Unnamed: 0_x,fec_candidate_id,short_title_x,first_name_x,last_name_x,party_x,date_of_birth_x,gender_x,state_x,Unnamed: 0_y,short_title_y,first_name_y,last_name_y,party_y,date_of_birth_y,gender_y,state_y,speaker
0,0,H4LA05221,Rep.,Ralph,Abraham,R,1954-09-16,M,LA,0,Rep.,Ralph,Abraham,R,1954-09-16,M,LA,ralph abraham
1,1,H4NC12100,Rep.,Alma,Adams,D,1946-05-27,F,NC,1,Rep.,Alma,Adams,D,1946-05-27,F,NC,alma adams
2,2,H6AL04098,Rep.,Robert,Aderholt,R,1965-07-22,M,AL,2,Rep.,Robert,Aderholt,R,1965-07-22,M,AL,robert aderholt
3,3,H2CA31125,Rep.,Pete,Aguilar,D,1979-06-19,M,CA,3,Rep.,Pete,Aguilar,D,1979-06-19,M,CA,pete aguilar
4,4,H2GA12121,Rep.,Rick,Allen,R,1951-11-07,M,GA,4,Rep.,Rick,Allen,R,1951-11-07,M,GA,rick allen
5,5,H0MI03126,Rep.,Justin,Amash,R,1980-04-18,M,MI,6,Rep.,Justin,Amash,R,1980-04-18,M,MI,justin amash
6,6,H2NV02395,Rep.,Mark,Amodei,R,1958-06-12,M,NV,8,Rep.,Mark,Amodei,R,1958-06-12,M,NV,mark amodei
7,7,H6TX19099,Rep.,Jodey,Arrington,R,1972-03-09,M,TX,10,Rep.,Jodey,Arrington,R,1972-03-09,M,TX,jodey arrington
8,8,H6TX02079,Rep.,Brian,Babin,R,1948-03-23,M,TX,12,Rep.,Brian,Babin,R,1948-03-23,M,TX,brian babin
9,9,H6NE02125,Rep.,Don,Bacon,R,1963-08-16,M,NE,13,Rep.,Don,Bacon,R,1963-08-16,M,NE,don bacon
10,11,H6IN03229,Rep.,Jim,Banks,R,1979-07-16,M,IN,16,Rep.,Jim,Banks,R,1979-07-16,M,IN,jim banks
11,13,H0KY06104,Rep.,Andy,Barr,R,1973-07-24,M,KY,17,Rep.,Andy,Barr,R,1973-07-24,M,KY,andy barr
12,14,H6CA44103,Rep.,Nanette,Barragán,D,1976-09-15,F,CA,18,Rep.,Nanette,Barragán,D,1976-09-15,F,CA,nanette barragán
13,16,H0CA33117,Rep.,Karen,Bass,D,1953-10-03,F,CA,19,Rep.,Karen,Bass,D,1953-10-03,F,CA,karen bass
14,17,H2OH03125,Rep.,Joyce,Beatty,D,1950-03-12,F,OH,20,Rep.,Joyce,Beatty,D,1950-03-12,F,OH,joyce beatty
15,19,H0CA03078,Rep.,Ami,Bera,D,1965-03-02,M,CA,21,Rep.,Ami,Bera,D,1965-03-02,M,CA,ami bera
16,20,H6MI01226,Rep.,Jack,Bergman,R,1947-02-02,M,MI,22,Rep.,Jack,Bergman,R,1947-02-02,M,MI,jack bergman
17,21,H4VA08224,Rep.,Donald,Beyer,D,1950-06-20,M,VA,23,Rep.,Donald,Beyer,D,1950-06-20,M,VA,donald beyer
18,22,H6AZ05083,Rep.,Andy,Biggs,R,1958-11-07,M,AZ,24,Rep.,Andy,Biggs,R,1958-11-07,M,AZ,andy biggs
19,23,H6FL09070,Rep.,Gus,Bilirakis,R,1963-02-08,M,FL,25,Rep.,Gus,Bilirakis,R,1963-02-08,M,FL,gus bilirakis
20,25,H2UT01094,Rep.,Rob,Bishop,R,1951-07-13,M,UT,27,Rep.,Rob,Bishop,R,1951-07-13,M,UT,rob bishop
21,26,H2GA02031,Rep.,Sanford,Bishop,D,1947-02-04,M,GA,28,Rep.,Sanford,Bishop,D,1947-02-04,M,GA,sanford bishop
22,30,H6OR03064,Rep.,Earl,Blumenauer,D,1948-08-16,M,OR,29,Rep.,Earl,Blumenauer,D,1948-08-16,M,OR,earl blumenauer
23,31,H6DE00206,Rep.,Lisa,Blunt Rochester,D,1962-02-10,F,DE,30,Rep.,Lisa,Blunt Rochester,D,1962-02-10,F,DE,lisa blunt rochester
24,32,H2OR01133,Rep.,Suzanne,Bonamici,D,1954-10-14,F,OR,31,Rep.,Suzanne,Bonamici,D,1954-10-14,F,OR,suzanne bonamici
25,34,H4IL12060,Rep.,Mike,Bost,R,1960-12-30,M,IL,32,Rep.,Mike,Bost,R,1960-12-30,M,IL,mike bost
26,35,H4PA13199,Rep.,Brendan,Boyle,D,1977-02-06,M,PA,33,Rep.,Brendan,Boyle,D,1977-02-06,M,PA,brendan boyle
27,36,H6TX08100,Rep.,Kevin,Brady,R,1955-04-11,M,TX,34,Rep.,Kevin,Brady,R,1955-04-11,M,TX,kevin brady
28,40,H2IN05082,Rep.,Susan,Brooks,R,1960-08-25,F,IN,37,Rep.,Susan,Brooks,R,1960-08-25,F,IN,susan brooks
29,41,H0AL05163,Rep.,Mo,Brooks,R,1954-04-29,M,AL,36,Rep.,Mo,Brooks,R,1954-04-29,M,AL,mo brooks
30,42,H6MD04209,Rep.,Anthony,Brown,D,1961-11-21,M,MD,38,Rep.,Anthony,Brown,D,1961-11-21,M,MD,anthony brown
31,43,H2CA00120,Rep.,Julia,Brownley,D,1952-08-28,F,CA,39,Rep.,Julia,Brownley,D,1952-08-28,F,CA,julia brownley
32,44,H6FL13148,Rep.,Vern,Buchanan,R,1951-05-08,M,FL,40,Rep.,Vern,Buchanan,R,1951-05-08,M,FL,vern buchanan
33,45,S0CO00237,Rep.,Ken,Buck,R,1959-02-16,M,CO,41,Rep.,Ken,Buck,R,1959-02-16,M,CO,ken buck
34,46,H0IN08114,Rep.,Larry,Bucshon,R,1962-05-31,M,IN,42,Rep.,Larry,Bucshon,R,1962-05-31,M,IN,larry bucshon
35,47,H6NC13129,Rep.,Ted,Budd,R,1971-10-21,M,NC,43,Rep.,Ted,Budd,R,1971-10-21,M,NC,ted budd
36,48,H2TX26093,Rep.,Michael,Burgess,R,1950-12-23,M,TX,45,Rep.,Michael,Burgess,R,1950-12-23,M,TX,michael burgess
37,49,H2IL17071,Rep.,Cheri,Bustos,D,1961-10-17,F,IL,46,Rep.,Cheri,Bustos,D,1961-10-17,F,IL,cheri bustos
38,50,H4NC01046,Rep.,G.,Butterfield,D,1947-04-27,M,NC,47,Rep.,G.,Butterfield,D,1947-04-27,M,NC,g. butterfield
39,51,H4AL01123,Rep.,Bradley,Byrne,R,1955-02-16,M,AL,48,Rep.,Bradley,Byrne,R,1955-02-16,M,AL,bradley byrne
40,52,H2CA37023,Rep.,Ken,Calvert,R,1953-06-08,M,CA,49,Rep.,Ken,Calvert,R,1953-06-08,M,CA,ken calvert
41,54,H6CA24303,Rep.,Salud,Carbajal,D,1964-11-18,M,CA,50,Rep.,Salud,Carbajal,D,1964-11-18,M,CA,salud carbajal
42,55,H2CA28113,Rep.,Tony,Cárdenas,D,1963-03-31,M,CA,51,Rep.,Tony,Cárdenas,D,1963-03-31,M,CA,tony cárdenas
43,56,H8IN07184,Rep.,André,Carson,D,1974-10-16,M,IN,52,Rep.,André,Carson,D,1974-10-16,M,IN,andré carson
44,57,H2TX31044,Rep.,John,Carter,R,1941-11-06,M,TX,53,Rep.,John,Carter,R,1941-11-06,M,TX,john carter
45,58,H4GA01039,Rep.,Buddy,Carter,R,1957-09-06,M,GA,54,Rep.,Buddy,Carter,R,1957-09-06,M,GA,buddy carter
46,59,H2PA17079,Rep.,Matt,Cartwright,D,1961-05-01,M,PA,55,Rep.,Matt,Cartwright,D,1961-05-01,M,PA,matt cartwright
47,60,H6FL11126,Rep.,Kathy,Castor,D,1966-08-20,F,FL,58,Rep.,Kathy,Castor,D,1966-08-20,F,FL,kathy castor
48,61,H2TX35011,Rep.,Joaquín,Castro,D,1974-09-16,M,TX,59,Rep.,Joaquín,Castro,D,1974-09-16,M,TX,joaquín castro
49,62,H8OH01043,Rep.,Steven,Chabot,R,1953-01-22,M,OH,60,Rep.,Steven,Chabot,R,1953-01-22,M,OH,steven chabot
50,64,H6WY00159,Rep.,Liz,Cheney,R,1966-07-28,F,WY,61,Rep.,Liz,Cheney,R,1966-07-28,F,WY,liz cheney
51,65,H0CA32101,Rep.,Judy,Chu,D,1953-07-07,F,CA,62,Rep.,Judy,Chu,D,1953-07-07,F,CA,judy chu
52,66,H0RI01073,Rep.,David,Cicilline,D,1961-07-15,M,RI,63,Rep.,David,Cicilline,D,1961-07-15,M,RI,david cicilline
53,67,H4MA05084,Rep.,Katherine,Clark,D,1963-07-17,F,MA,65,Rep.,Katherine,Clark,D,1963-07-17,F,MA,katherine clark
54,68,H4NY11138,Rep.,Yvette,Clarke,D,1964-11-21,F,NY,66,Rep.,Yvette,Clarke,D,1964-11-21,F,NY,yvette clarke
55,69,H0MO01066,Rep.,William,Clay,D,1956-07-27,M,MO,67,Rep.,William,Clay,D,1956-07-27,M,MO,william clay
56,70,H4MO05234,Rep.,Emanuel,Cleaver,D,1944-10-26,M,MO,68,Rep.,Emanuel,Cleaver,D,1944-10-26,M,MO,emanuel cleaver
57,72,H2SC02042,Rep.,James,Clyburn,D,1940-07-21,M,SC,71,Rep.,James,Clyburn,D,1940-07-21,M,SC,james clyburn
58,74,H6TN09068,Rep.,Steve,Cohen,D,1949-05-24,M,TN,72,Rep.,Steve,Cohen,D,1949-05-24,M,TN,steve cohen
59,75,H2OK04055,Rep.,Tom,Cole,R,1949-04-28,M,OK,73,Rep.,Tom,Cole,R,1949-04-28,M,OK,tom cole
60,77,H2GA09150,Rep.,Doug,Collins,R,1966-08-16,M,GA,74,Rep.,Doug,Collins,R,1966-08-16,M,GA,doug collins
61,78,H6KY01110,Rep.,James,Comer,R,1972-08-19,M,KY,76,Rep.,James,Comer,R,1972-08-19,M,KY,james comer
62,80,H4TX19136,Rep.,K.,Conaway,R,1948-06-11,M,TX,77,Rep.,K.,Conaway,R,1948-06-11,M,TX,k. conaway
63,81,H8VA11062,Rep.,Gerald,Connolly,D,1950-03-30,M,VA,78,Rep.,Gerald,Connolly,D,1950-03-30,M,VA,gerald connolly
64,84,H2TN05131,Rep.,Jim,Cooper,D,1954-06-19,M,TN,80,Rep.,Jim,Cooper,D,1954-06-19,M,TN,jim cooper
65,85,H6CA46116,Rep.,J.,Correa,D,1958-01-24,M,CA,81,Rep.,J.,Correa,D,1958-01-24,M,CA,j. correa
66,86,H4CA20082,Rep.,Jim,Costa,D,1952-04-13,M,CA,82,Rep.,Jim,Costa,D,1952-04-13,M,CA,jim costa
67,88,H2CT02112,Rep.,Joe,Courtney,D,1953-04-06,M,CT,83,Rep.,Joe,Courtney,D,1953-04-06,M,CT,joe courtney
68,90,H0AR01083,Rep.,Rick,Crawford,R,1966-01-22,M,AR,86,Rep.,Rick,Crawford,R,1966-01-22,M,AR,rick crawford
69,91,H6FL13205,Rep.,Charlie,Crist,D,1956-07-24,M,FL,88,Rep.,Charlie,Crist,D,1956-07-24,M,FL,charlie crist
70,93,H2TX23082,Rep.,Henry,Cuellar,D,1955-09-19,M,TX,90,Rep.,Henry,Cuellar,D,1955-09-19,M,TX,henry cuellar
71,98,H6OH08315,Rep.,Warren,Davidson,R,1970-03-01,M,OH,95,Rep.,Warren,Davidson,R,1970-03-01,M,OH,warren davidson
72,99,H4IL07037,Rep.,Danny,Davis,D,1941-09-06,M,IL,96,Rep.,Danny,Davis,D,1941-09-06,M,IL,danny davis
73,100,H2IL13120,Rep.,Rodney,Davis,R,1970-01-05,M,IL,97,Rep.,Rodney,Davis,R,1970-01-05,M,IL,rodney davis
74,101,H0CA49055,Rep.,Susan,Davis,D,1944-04-13,F,CA,98,Rep.,Susan,Davis,D,1944-04-13,F,CA,susan davis
75,102,H6OR04047,Rep.,Peter,DeFazio,D,1947-05-27,M,OR,100,Rep.,Peter,DeFazio,D,1947-05-27,M,OR,peter defazio
76,103,H6CO01141,Rep.,Diana,DeGette,D,1957-07-29,F,CO,101,Rep.,Diana,DeGette,D,1957-07-29,F,CO,diana degette
77,105,H0CT03072,Rep.,Rosa,DeLauro,D,1943-03-02,F,CT,102,Rep.,Rosa,DeLauro,D,1943-03-02,F,CT,rosa delauro
78,106,H0WA08046,Rep.,Suzan,DelBene,D,1962-02-17,F,WA,103,Rep.,Suzan,DelBene,D,1962-02-17,F,WA,suzan delbene
79,107,H2FL08063,Rep.,Val,Demings,D,1957-03-12,F,FL,105,Rep.,Val,Demings,D,1957-03-12,F,FL,val demings
80,111,H0CA10073,Rep.,Mark,DeSaulnier,D,1952-03-31,M,CA,106,Rep.,Mark,DeSaulnier,D,1952-03-31,M,CA,mark desaulnier
81,112,H0TN04195,Rep.,Scott,DesJarlais,R,1964-02-21,M,TN,107,Rep.,Scott,DesJarlais,R,1964-02-21,M,TN,scott desjarlais
82,113,H0FL19080,Rep.,Ted,Deutch,D,1966-05-07,M,FL,108,Rep.,Ted,Deutch,D,1966-05-07,M,FL,ted deutch
83,114,H2FL25018,Rep.,Mario,Diaz-Balart,R,1961-09-25,M,FL,109,Rep.,Mario,Diaz-Balart,R,1961-09-25,M,FL,mario diaz-balart
84,115,H4MI12079,Rep.,Debbie,Dingell,D,1953-11-23,F,MI,110,Rep.,Debbie,Dingell,D,1953-11-23,F,MI,debbie dingell
85,116,H4TX10028,Rep.,Lloyd,Doggett,D,1946-10-06,M,TX,111,Rep.,Lloyd,Doggett,D,1946-10-06,M,TX,lloyd doggett
86,118,H4PA18131,Rep.,Mike,Doyle,D,1953-08-05,M,PA,112,Rep.,Mike,Doyle,D,1953-08-05,M,PA,mike doyle
87,120,H0SC03077,Rep.,Jeffrey,Duncan,R,1966-01-07,M,SC,114,Rep.,Jeffrey,Duncan,R,1966-01-07,M,SC,jeffrey duncan
88,122,H6FL02208,Rep.,Neal,Dunn,R,1953-02-16,M,FL,115,Rep.,Neal,Dunn,R,1953-02-16,M,FL,neal dunn
89,124,H4MN06087,Rep.,Tom,Emmer,R,1961-03-03,M,MN,116,Rep.,Tom,Emmer,R,1961-03-03,M,MN,tom emmer
90,125,H8NY19058,Rep.,Eliot,Engel,D,1947-02-18,M,NY,117,Rep.,Eliot,Engel,D,1947-02-18,M,NY,eliot engel
91,126,H8CA12098,Rep.,Anna,Eshoo,D,1942-12-13,F,CA,119,Rep.,Anna,Eshoo,D,1942-12-13,F,CA,anna eshoo
92,127,H2NY13096,Rep.,Adriano,Espaillat,D,1954-09-27,M,NY,120,Rep.,Adriano,Espaillat,D,1954-09-27,M,NY,adriano espaillat
93,130,H6PA02171,Rep.,Dwight,Evans,D,1954-05-16,M,PA,122,Rep.,Dwight,Evans,D,1954-05-16,M,PA,dwight evans
94,133,H6GA03113,Rep.,A.,Ferguson,R,1966-11-15,M,GA,123,Rep.,A.,Ferguson,R,1966-11-15,M,GA,a. ferguson
95,134,H6PA08277,Rep.,Brian,Fitzpatrick,R,1973-12-17,M,PA,125,Rep.,Brian,Fitzpatrick,R,1973-12-17,M,PA,brian fitzpatrick
96,135,H0TN03254,Rep.,Chuck,Fleischmann,R,1962-10-11,M,TN,126,Rep.,Chuck,Fleischmann,R,1962-10-11,M,TN,chuck fleischmann
97,136,H0TX17104,Rep.,Bill,Flores,R,1954-02-25,M,TX,128,Rep.,Bill,Flores,R,1954-02-25,M,TX,bill flores
98,137,H4NE01064,Rep.,Jeff,Fortenberry,R,1960-12-27,M,NE,129,Rep.,Jeff,Fortenberry,R,1960-12-27,M,NE,jeff fortenberry
99,138,H8IL14067,Rep.,Bill,Foster,D,1955-10-07,M,IL,130,Rep.,Bill,Foster,D,1955-10-07,M,IL,bill foster
100,139,H4NC05146,Rep.,Virginia,Foxx,R,1943-06-29,F,NC,131,Rep.,Virginia,Foxx,R,1943-06-29,F,NC,virginia foxx
101,140,H2FL14053,Rep.,Lois,Frankel,D,1948-05-16,F,FL,132,Rep.,Lois,Frankel,D,1948-05-16,F,FL,lois frankel
102,143,H8OH11141,Rep.,Marcia,Fudge,D,1952-10-29,F,OH,133,Rep.,Marcia,Fudge,D,1952-10-29,F,OH,marcia fudge
103,144,H2HI02508,Rep.,Tulsi,Gabbard,D,1981-04-12,F,HI,135,Rep.,Tulsi,Gabbard,D,1981-04-12,F,HI,tulsi gabbard
104,145,H6FL01119,Rep.,Matt,Gaetz,R,1982-05-07,M,FL,136,Rep.,Matt,Gaetz,R,1982-05-07,M,FL,matt gaetz
105,146,H6WI08155,Rep.,Mike,Gallagher,R,1984-03-03,M,WI,137,Rep.,Mike,Gallagher,R,1984-03-03,M,WI,mike gallagher
106,147,H4AZ07043,Rep.,Ruben,Gallego,D,1979-11-20,M,AZ,138,Rep.,Ruben,Gallego,D,1979-11-20,M,AZ,ruben gallego
107,148,H0CA10149,Rep.,John,Garamendi,D,1945-01-24,M,CA,139,Rep.,John,Garamendi,D,1945-01-24,M,CA,john garamendi
108,151,H0OH18077,Rep.,Bob,Gibbs,R,1954-06-14,M,OH,144,Rep.,Bob,Gibbs,R,1954-06-14,M,OH,bob gibbs
109,152,H4TX04039,Rep.,Louie,Gohmert,R,1953-08-18,M,TX,145,Rep.,Louie,Gohmert,R,1953-08-18,M,TX,louie gohmert
110,154,H6TX15162,Rep.,Vicente,Gonzalez,D,1967-09-04,M,TX,149,Rep.,Vicente,Gonzalez,D,1967-09-04,M,TX,vicente gonzalez
111,157,H0AZ01259,Rep.,Paul,Gosar,R,1958-11-22,M,AZ,152,Rep.,Paul,Gosar,R,1958-11-22,M,AZ,paul gosar
112,158,H6NJ05171,Rep.,Josh,Gottheimer,D,1975-03-08,M,NJ,153,Rep.,Josh,Gottheimer,D,1975-03-08,M,NJ,josh gottheimer
113,160,H6TX12060,Rep.,Kay,Granger,R,1943-01-18,F,TX,154,Rep.,Kay,Granger,R,1943-01-18,F,TX,kay granger
114,161,H4LA06153,Rep.,Garret,Graves,R,1972-01-31,M,LA,156,Rep.,Garret,Graves,R,1972-01-31,M,LA,garret graves
115,162,H0MO06073,Rep.,Sam,Graves,R,1963-11-07,M,MO,157,Rep.,Sam,Graves,R,1963-11-07,M,MO,sam graves
116,165,H4TX09095,Rep.,Al,Green,D,1947-09-01,M,TX,158,Rep.,Al,Green,D,1947-09-01,M,TX,al green
117,166,H0VA09055,Rep.,Morgan,Griffith,R,1958-03-15,M,VA,160,Rep.,Morgan,Griffith,R,1958-03-15,M,VA,morgan griffith
118,167,H2AZ07070,Rep.,Raúl,Grijalva,D,1948-02-19,M,AZ,161,Rep.,Raúl,Grijalva,D,1948-02-19,M,AZ,raúl grijalva
119,168,H4WI06048,Rep.,Glenn,Grothman,R,1955-07-03,M,WI,162,Rep.,Glenn,Grothman,R,1955-07-03,M,WI,glenn grothman
120,169,H8KY02031,Rep.,Brett,Guthrie,R,1964-02-18,M,KY,164,Rep.,Brett,Guthrie,R,1964-02-18,M,KY,brett guthrie
121,174,H8MD01094,Rep.,Andy,Harris,R,1957-01-25,M,MD,169,Rep.,Andy,Harris,R,1957-01-25,M,MD,andy harris
122,175,H0MO04086,Rep.,Vicky,Hartzler,R,1960-10-13,F,MO,170,Rep.,Vicky,Hartzler,R,1960-10-13,F,MO,vicky hartzler
123,176,H2FL23021,Rep.,Alcee,Hastings,D,1936-09-05,M,FL,171,Rep.,Alcee,Hastings,D,1936-09-05,M,FL,alcee hastings
124,177,H0WA03161,Rep.,Denny,Heck,D,1952-07-29,M,WA,173,Rep.,Denny,Heck,D,1952-07-29,M,WA,denny heck
125,180,H0WA03187,Rep.,Jaime,Herrera Beutler,R,1978-11-03,F,WA,175,Rep.,Jaime,Herrera Beutler,R,1978-11-03,F,WA,jaime herrera beutler
126,181,H0GA07125,Rep.,Jody,Hice,R,1960-04-22,M,GA,176,Rep.,Jody,Hice,R,1960-04-22,M,GA,jody hice
127,182,H4NY27076,Rep.,Brian,Higgins,D,1959-10-06,M,NY,178,Rep.,Brian,Higgins,D,1959-10-06,M,NY,brian higgins
128,183,H6LA03148,Rep.,Clay,Higgins,R,1961-08-24,M,LA,177,Rep.,Clay,Higgins,R,1961-08-24,M,LA,clay higgins
129,184,H4AR02141,Rep.,French,Hill,R,1956-12-05,M,AR,180,Rep.,French,Hill,R,1956-12-05,M,AR,french hill
130,185,H8CT04172,Rep.,Jim,Himes,D,1966-07-05,M,CT,181,Rep.,Jim,Himes,D,1966-07-05,M,CT,jim himes
131,186,H2NC13110,Rep.,George,Holding,R,1968-04-17,M,NC,182,Rep.,George,Holding,R,1968-04-17,M,NC,george holding
132,187,H6IN09176,Rep.,Trey,Hollingsworth,R,1983-09-12,M,IN,183,Rep.,Trey,Hollingsworth,R,1983-09-12,M,IN,trey hollingsworth
133,188,H2MD05155,Rep.,Steny,Hoyer,D,1939-06-14,M,MD,187,Rep.,Steny,Hoyer,D,1939-06-14,M,MD,steny hoyer
134,189,H2NC08185,Rep.,Richard,Hudson,R,1971-11-04,M,NC,188,Rep.,Richard,Hudson,R,1971-11-04,M,NC,richard hudson
135,190,H2CA06259,Rep.,Jared,Huffman,D,1964-02-18,M,CA,189,Rep.,Jared,Huffman,D,1964-02-18,M,CA,jared huffman
136,191,H0MI02094,Rep.,Bill,Huizenga,R,1969-01-31,M,MI,190,Rep.,Bill,Huizenga,R,1969-01-31,M,MI,bill huizenga
137,194,H0TX23086,Rep.,Will,Hurd,R,1977-08-19,M,TX,192,Rep.,Will,Hurd,R,1977-08-19,M,TX,will hurd
138,196,H4TX18054,Rep.,Sheila,Jackson Lee,D,1950-01-12,F,TX,193,Rep.,Sheila,Jackson Lee,D,1950-01-12,F,TX,sheila jackson lee
139,197,H6WA07458,Rep.,Pramila,Jayapal,D,1965-09-21,F,WA,195,Rep.,Pramila,Jayapal,D,1965-09-21,F,WA,pramila jayapal
140,198,H2NY10092,Rep.,Hakeem,Jeffries,D,1970-08-04,M,NY,196,Rep.,Hakeem,Jeffries,D,1970-08-04,M,NY,hakeem jeffries
141,201,H6GA04129,Rep.,Hank,Johnson,D,1954-10-02,M,GA,201,Rep.,Hank,Johnson,D,1954-10-02,M,GA,hank johnson
142,202,H0OH06189,Rep.,Bill,Johnson,R,1954-11-10,M,OH,199,Rep.,Bill,Johnson,R,1954-11-10,M,OH,bill johnson
143,203,H2TX00015,Rep.,Eddie,Johnson,D,1935-12-03,F,TX,200,Rep.,Eddie,Johnson,D,1935-12-03,F,TX,eddie johnson
144,205,H6LA04138,Rep.,Mike,Johnson,R,1972-01-30,M,LA,197,Rep.,Mike,Johnson,R,1972-01-30,M,LA,mike johnson
145,208,H6OH04082,Rep.,Jim,Jordan,R,1964-02-17,M,OH,203,Rep.,Jim,Jordan,R,1964-02-17,M,OH,jim jordan
146,209,H2OH14064,Rep.,Dave,Joyce,R,1957-03-17,M,OH,204,Rep.,Dave,Joyce,R,1957-03-17,M,OH,dave joyce
147,210,H2OH09031,Rep.,Marcy,Kaptur,D,1946-06-17,F,OH,206,Rep.,Marcy,Kaptur,D,1946-06-17,F,OH,marcy kaptur
148,211,H4NY24073,Rep.,John,Katko,R,1962-11-09,M,NY,207,Rep.,John,Katko,R,1962-11-09,M,NY,john katko
149,212,H0MA10082,Rep.,Bill,Keating,D,1952-09-06,M,MA,208,Rep.,Bill,Keating,D,1952-09-06,M,MA,bill keating
150,213,H6MS01131,Rep.,Trent,Kelly,R,1966-03-01,M,MS,212,Rep.,Trent,Kelly,R,1966-03-01,M,MS,trent kelly
151,214,H0PA03271,Rep.,Mike,Kelly,R,1948-05-10,M,PA,211,Rep.,Mike,Kelly,R,1948-05-10,M,PA,mike kelly
152,215,H2IL02172,Rep.,Robin,Kelly,D,1956-04-30,F,IL,210,Rep.,Robin,Kelly,D,1956-04-30,F,IL,robin kelly
153,216,H2MA04073,Rep.,Joseph,Kennedy,D,1980-10-04,M,MA,213,Rep.,Joseph,Kennedy,D,1980-10-04,M,MA,joseph kennedy
154,217,H4CA12055,Rep.,Ro,Khanna,D,1976-09-13,M,CA,214,Rep.,Ro,Khanna,D,1976-09-13,M,CA,ro khanna
155,219,H2MI05119,Rep.,Dan,Kildee,D,1958-08-11,M,MI,215,Rep.,Dan,Kildee,D,1958-08-11,M,MI,dan kildee
156,220,H2WA06129,Rep.,Derek,Kilmer,D,1974-01-01,M,WA,216,Rep.,Derek,Kilmer,D,1974-01-01,M,WA,derek kilmer
157,221,H6WI03099,Rep.,Ron,Kind,D,1963-03-16,M,WI,218,Rep.,Ron,Kind,D,1963-03-16,M,WI,ron kind
158,222,H2NY03089,Rep.,Peter,King,R,1944-04-05,M,NY,219,Rep.,Peter,King,R,1944-04-05,M,NY,peter king
159,223,H2IA05072,Rep.,Steve,King,R,1949-05-28,M,IA,220,Rep.,Steve,King,R,1949-05-28,M,IA,steve king
160,224,H0IL11052,Rep.,Adam,Kinzinger,R,1978-02-27,M,IL,221,Rep.,Adam,Kinzinger,R,1978-02-27,M,IL,adam kinzinger
161,226,H6IL08147,Rep.,Raja,Krishnamoorthi,D,1973-07-19,M,IL,223,Rep.,Raja,Krishnamoorthi,D,1973-07-19,M,IL,raja krishnamoorthi
162,227,H0NH02181,Rep.,Ann,Kuster,D,1956-09-05,F,NH,224,Rep.,Ann,Kuster,D,1956-09-05,F,NH,ann kuster
163,228,H2TN07103,Rep.,David,Kustoff,R,1966-10-08,M,TN,225,Rep.,David,Kustoff,R,1966-10-08,M,TN,david kustoff
164,230,H6IL18088,Rep.,Darin,LaHood,R,1968-07-05,M,IL,226,Rep.,Darin,LaHood,R,1968-07-05,M,IL,darin lahood
165,231,H2CA02142,Rep.,Doug,LaMalfa,R,1960-07-02,M,CA,227,Rep.,Doug,LaMalfa,R,1960-07-02,M,CA,doug lamalfa
166,233,H6CO05159,Rep.,Doug,Lamborn,R,1954-05-24,M,CO,229,Rep.,Doug,Lamborn,R,1954-05-24,M,CO,doug lamborn
167,235,H0RI02139,Rep.,Jim,Langevin,D,1964-04-22,M,RI,230,Rep.,Jim,Langevin,D,1964-04-22,M,RI,jim langevin
168,236,H0WA02080,Rep.,Rick,Larsen,D,1965-06-15,M,WA,231,Rep.,Rick,Larsen,D,1965-06-15,M,WA,rick larsen
169,237,H8CT01046,Rep.,John,Larson,D,1948-07-22,M,CT,232,Rep.,John,Larson,D,1948-07-22,M,CT,john larson
170,238,H8OH05036,Rep.,Robert,Latta,R,1956-04-18,M,OH,233,Rep.,Robert,Latta,R,1956-04-18,M,OH,robert latta
171,239,H2MI14111,Rep.,Brenda,Lawrence,D,1954-10-18,F,MI,234,Rep.,Brenda,Lawrence,D,1954-10-18,F,MI,brenda lawrence
172,240,H0FL02086,Rep.,Al,Lawson,D,1948-09-23,M,FL,235,Rep.,Al,Lawson,D,1948-09-23,M,FL,al lawson
173,241,H8CA09060,Rep.,Barbara,Lee,D,1946-07-16,F,CA,237,Rep.,Barbara,Lee,D,1946-07-16,F,CA,barbara lee
174,246,H4CA33119,Rep.,Ted,Lieu,D,1969-03-29,M,CA,242,Rep.,Ted,Lieu,D,1969-03-29,M,CA,ted lieu
175,247,H4IL03077,Rep.,Daniel,Lipinski,D,1966-07-15,M,IL,243,Rep.,Daniel,Lipinski,D,1966-07-15,M,IL,daniel lipinski
176,249,H6IA02146,Rep.,Dave,Loebsack,D,1952-12-23,M,IA,244,Rep.,Dave,Loebsack,D,1952-12-23,M,IA,dave loebsack
177,250,H4CA16049,Rep.,Zoe,Lofgren,D,1947-12-21,F,CA,245,Rep.,Zoe,Lofgren,D,1947-12-21,F,CA,zoe lofgren
178,251,H0MO07113,Rep.,Billy,Long,R,1955-08-11,M,MO,246,Rep.,Billy,Long,R,1955-08-11,M,MO,billy long
179,252,H4GA11061,Rep.,Barry,Loudermilk,R,1963-12-22,M,GA,247,Rep.,Barry,Loudermilk,R,1963-12-22,M,GA,barry loudermilk
180,254,H2CA00104,Rep.,Alan,Lowenthal,D,1941-03-08,M,CA,248,Rep.,Alan,Lowenthal,D,1941-03-08,M,CA,alan lowenthal
181,255,H8NY20056,Rep.,Nita,Lowey,D,1937-07-05,F,NY,249,Rep.,Nita,Lowey,D,1937-07-05,F,NY,nita lowey
182,256,H4OK06056,Rep.,Frank,Lucas,R,1960-01-06,M,OK,250,Rep.,Frank,Lucas,R,1960-01-06,M,OK,frank lucas
183,257,H8MO09153,Rep.,Blaine,Luetkemeyer,R,1952-05-07,M,MO,251,Rep.,Blaine,Luetkemeyer,R,1952-05-07,M,MO,blaine luetkemeyer
184,258,H8NM03196,Rep.,Ben,Luján,D,1972-06-07,M,NM,252,Rep.,Ben,Luján,D,1972-06-07,M,NM,ben luján
185,260,H2MA09072,Rep.,Stephen,Lynch,D,1955-03-31,M,MA,254,Rep.,Stephen,Lynch,D,1955-03-31,M,MA,stephen lynch
186,262,H2NY14037,Rep.,Carolyn,Maloney,D,1946-02-19,F,NY,257,Rep.,Carolyn,Maloney,D,1946-02-19,F,NY,carolyn maloney
187,263,H2NY22139,Rep.,Sean,Maloney,D,1966-07-30,M,NY,256,Rep.,Sean,Maloney,D,1966-07-30,M,NY,sean maloney
188,264,H4TX24094,Rep.,Kenny,Marchant,R,1951-02-23,M,TX,258,Rep.,Kenny,Marchant,R,1951-02-23,M,TX,kenny marchant
189,265,H0PA10078,Rep.,Tom,Marino,R,1952-08-15,M,PA,259,Rep.,Tom,Marino,R,1952-08-15,M,PA,tom marino
190,266,H6KS01179,Rep.,Roger,Marshall,R,1960-08-09,M,KS,260,Rep.,Roger,Marshall,R,1960-08-09,M,KS,roger marshall
191,267,H2KY04121,Rep.,Thomas,Massie,R,1971-01-13,M,KY,261,Rep.,Thomas,Massie,R,1971-01-13,M,KY,thomas massie
192,268,H6FL18097,Rep.,Brian,Mast,R,1980-07-10,M,FL,262,Rep.,Brian,Mast,R,1980-07-10,M,FL,brian mast
193,269,H6CA05195,Rep.,Doris,Matsui,D,1944-09-25,F,CA,263,Rep.,Doris,Matsui,D,1944-09-25,F,CA,doris matsui
194,270,H6CA22125,Rep.,Kevin,McCarthy,R,1965-01-26,M,CA,266,Rep.,Kevin,McCarthy,R,1965-01-26,M,CA,kevin mccarthy
195,271,H4TX10093,Rep.,Michael,McCaul,R,1962-01-14,M,TX,267,Rep.,Michael,McCaul,R,1962-01-14,M,TX,michael mccaul
196,272,H8CA04152,Rep.,Tom,McClintock,R,1956-07-10,M,CA,268,Rep.,Tom,McClintock,R,1956-07-10,M,CA,tom mcclintock
197,273,H0MN04049,Rep.,Betty,McCollum,D,1954-07-12,F,MN,269,Rep.,Betty,McCollum,D,1954-07-12,F,MN,betty mccollum
198,274,H6VA04061,Rep.,A.,McEachin,D,1961-10-10,M,VA,270,Rep.,A.,McEachin,D,1961-10-10,M,VA,a. mceachin
199,275,H4MA03022,Rep.,Jim,McGovern,D,1959-11-20,M,MA,271,Rep.,Jim,McGovern,D,1959-11-20,M,MA,jim mcgovern
200,276,H4NC10047,Rep.,Patrick,McHenry,R,1975-10-22,M,NC,272,Rep.,Patrick,McHenry,R,1975-10-22,M,NC,patrick mchenry
201,277,H0WV01072,Rep.,David,McKinley,R,1947-03-28,M,WV,273,Rep.,David,McKinley,R,1947-03-28,M,WV,david mckinley
202,278,H4WA05077,Rep.,Cathy,McMorris Rodgers,R,1969-05-22,F,WA,274,Rep.,Cathy,McMorris Rodgers,R,1969-05-22,F,WA,cathy mcmorris rodgers
203,279,H4CA11081,Rep.,Jerry,McNerney,D,1951-06-18,M,CA,275,Rep.,Jerry,McNerney,D,1951-06-18,M,CA,jerry mcnerney
204,283,H8NY06048,Rep.,Gregory,Meeks,D,1953-09-25,M,NY,277,Rep.,Gregory,Meeks,D,1953-09-25,M,NY,gregory meeks
205,284,H2NY06116,Rep.,Grace,Meng,D,1975-10-01,F,NY,278,Rep.,Grace,Meng,D,1975-10-01,F,NY,grace meng
206,286,H4MI04118,Rep.,Paul,Mitchell,R,1961-05-08,M,MI,283,Rep.,Paul,Mitchell,R,1961-05-08,M,MI,paul mitchell
207,287,H4MI04126,Rep.,John,Moolenaar,R,1961-05-08,M,MI,284,Rep.,John,Moolenaar,R,1961-05-08,M,MI,john moolenaar
208,288,H4WV02080,Rep.,Alex,Mooney,R,1971-06-05,M,WV,285,Rep.,Alex,Mooney,R,1971-06-05,M,WV,alex mooney
209,289,H4WI04183,Rep.,Gwen,Moore,D,1951-04-18,F,WI,286,Rep.,Gwen,Moore,D,1951-04-18,F,WI,gwen moore
210,291,H4MA06090,Rep.,Seth,Moulton,D,1978-10-24,M,MA,288,Rep.,Seth,Moulton,D,1978-10-24,M,MA,seth moulton
211,292,H2OK02083,Rep.,Markwayne,Mullin,R,1977-07-26,M,OK,290,Rep.,Markwayne,Mullin,R,1977-07-26,M,OK,markwayne mullin
212,294,H6FL07140,Rep.,Stephanie,Murphy,D,1978-09-16,F,FL,292,Rep.,Stephanie,Murphy,D,1978-09-16,F,FL,stephanie murphy
213,296,H2NY17071,Rep.,Jerrold,Nadler,D,1947-06-13,M,NY,293,Rep.,Jerrold,Nadler,D,1947-06-13,M,NY,jerrold nadler
214,297,H8CA34068,Rep.,Grace,Napolitano,D,1936-12-04,F,CA,294,Rep.,Grace,Napolitano,D,1936-12-04,F,CA,grace napolitano
215,298,H8MA02041,Rep.,Richard,Neal,D,1949-02-14,M,MA,295,Rep.,Richard,Neal,D,1949-02-14,M,MA,richard neal
216,299,H4WA04104,Rep.,Dan,Newhouse,R,1955-07-10,M,WA,297,Rep.,Dan,Newhouse,R,1955-07-10,M,WA,dan newhouse
217,302,H4NJ01084,Rep.,Donald,Norcross,D,1958-12-13,M,NJ,298,Rep.,Donald,Norcross,D,1958-12-13,M,NJ,donald norcross
218,305,H8CA20059,Rep.,Devin,Nunes,R,1973-10-01,M,CA,301,Rep.,Devin,Nunes,R,1973-10-01,M,CA,devin nunes
219,306,H6AZ01199,Rep.,Tom,O'Halleran,D,1946-01-24,M,AZ,302,Rep.,Tom,O'Halleran,D,1946-01-24,M,AZ,tom o'halleran
220,308,H8TX22107,Rep.,Pete,Olson,R,1962-12-09,M,TX,304,Rep.,Pete,Olson,R,1962-12-09,M,TX,pete olson
221,309,H0MS04120,Rep.,Steven,Palazzo,R,1970-02-21,M,MS,306,Rep.,Steven,Palazzo,R,1970-02-21,M,MS,steven palazzo
222,310,H8NJ03073,Rep.,Frank,Pallone,D,1951-10-30,M,NJ,307,Rep.,Frank,Pallone,D,1951-10-30,M,NJ,frank pallone
223,311,H4AL06098,Rep.,Gary,Palmer,R,1954-05-14,M,AL,308,Rep.,Gary,Palmer,R,1954-05-14,M,AL,gary palmer
224,312,H6CA20152,Rep.,Jimmy,Panetta,D,1969-10-01,M,CA,309,Rep.,Jimmy,Panetta,D,1969-10-01,M,CA,jimmy panetta
225,313,H6NJ08118,Rep.,Bill,Pascrell,D,1937-01-25,M,NJ,311,Rep.,Bill,Pascrell,D,1937-01-25,M,NJ,bill pascrell
226,315,H2NJ10154,Rep.,Donald,Payne,D,1958-12-17,M,NJ,312,Rep.,Donald,Payne,D,1958-12-17,M,NJ,donald payne
227,317,H8CA05035,Rep.,Nancy,Pelosi,D,1940-03-26,F,CA,313,Rep.,Nancy,Pelosi,D,1940-03-26,F,CA,nancy pelosi
228,318,H6CO07023,Rep.,Ed,Perlmutter,D,1953-05-01,M,CO,315,Rep.,Ed,Perlmutter,D,1953-05-01,M,CO,ed perlmutter
229,319,H2PA04135,Rep.,Scott,Perry,R,1962-05-27,M,PA,316,Rep.,Scott,Perry,R,1962-05-27,M,PA,scott perry
230,320,H2CA52089,Rep.,Scott,Peters,D,1958-06-17,M,CA,317,Rep.,Scott,Peters,D,1958-06-17,M,CA,scott peters
231,321,H2MN07014,Rep.,Collin,Peterson,D,1944-06-29,M,MN,318,Rep.,Collin,Peterson,D,1944-06-29,M,MN,collin peterson
232,322,H8ME01120,Rep.,Chellie,Pingree,D,1955-04-02,F,ME,320,Rep.,Chellie,Pingree,D,1955-04-02,F,ME,chellie pingree
233,325,H2WI02124,Rep.,Mark,Pocan,D,1964-08-14,M,WI,322,Rep.,Mark,Pocan,D,1964-08-14,M,WI,mark pocan
234,330,H8FL15107,Rep.,Bill,Posey,R,1947-12-18,M,FL,324,Rep.,Bill,Posey,R,1947-12-18,M,FL,bill posey
235,331,H6NC04037,Rep.,David,Price,D,1940-08-17,M,NC,326,Rep.,David,Price,D,1940-08-17,M,NC,david price
236,333,H0IL05096,Rep.,Mike,Quigley,D,1958-10-17,M,IL,327,Rep.,Mike,Quigley,D,1958-10-17,M,IL,mike quigley
237,335,H6MD08457,Rep.,Jamie,Raskin,D,1962-12-13,M,MD,329,Rep.,Jamie,Raskin,D,1962-12-13,M,MD,jamie raskin
238,337,H0NY29054,Rep.,Tom,Reed,R,1971-11-18,M,NY,331,Rep.,Tom,Reed,R,1971-11-18,M,NY,tom reed
239,340,H4NY04075,Rep.,Kathleen,Rice,D,1965-02-15,F,NY,333,Rep.,Kathleen,Rice,D,1965-02-15,F,NY,kathleen rice
240,341,H2SC07066,Rep.,Tom,Rice,R,1957-08-04,M,SC,334,Rep.,Tom,Rice,R,1957-08-04,M,SC,tom rice
241,342,H8LA02054,Rep.,Cedric,Richmond,D,1973-09-13,M,LA,335,Rep.,Cedric,Richmond,D,1973-09-13,M,LA,cedric richmond
242,343,H0AL02087,Rep.,Martha,Roby,R,1976-07-27,F,AL,337,Rep.,Martha,Roby,R,1976-07-27,F,AL,martha roby
243,344,H6TN01388,Rep.,Phil,Roe,R,1945-07-21,M,TN,338,Rep.,Phil,Roe,R,1945-07-21,M,TN,phil roe
244,345,H2AL03032,Rep.,Mike,Rogers,R,1958-07-16,M,AL,340,Rep.,Mike,Rogers,R,1958-07-16,M,AL,mike rogers
245,346,H0KY05015,Rep.,Harold,Rogers,R,1937-12-31,M,KY,339,Rep.,Harold,Rogers,R,1937-12-31,M,KY,harold rogers
246,349,H6FL19087,Rep.,Francis,Rooney,R,1953-12-04,M,FL,341,Rep.,Francis,Rooney,R,1953-12-04,M,FL,francis rooney
247,356,H2NC07096,Rep.,David,Rouzer,R,1972-02-16,M,NC,345,Rep.,David,Rouzer,R,1972-02-16,M,NC,david rouzer
248,357,H2CA33048,Rep.,Lucille,Roybal-Allard,D,1941-06-12,F,CA,347,Rep.,Lucille,Roybal-Allard,D,1941-06-12,F,CA,lucille roybal-allard
249,359,H2CA36439,Rep.,Raul,Ruiz,D,1972-08-25,M,CA,348,Rep.,Raul,Ruiz,D,1972-08-25,M,CA,raul ruiz
250,360,H2MD02160,Rep.,C.A. Dutch,Ruppersberger,D,1946-01-31,M,MD,349,Rep.,C.A. Dutch,Ruppersberger,D,1946-01-31,M,MD,c.a. dutch ruppersberger
251,361,H2IL01042,Rep.,Bobby,Rush,D,1946-11-23,M,IL,350,Rep.,Bobby,Rush,D,1946-11-23,M,IL,bobby rush
252,363,H6FL04105,Rep.,John,Rutherford,R,1952-09-02,M,FL,351,Rep.,John,Rutherford,R,1952-09-02,M,FL,john rutherford
253,365,H2OH17109,Rep.,Tim,Ryan,D,1973-07-16,M,OH,352,Rep.,Tim,Ryan,D,1973-07-16,M,OH,tim ryan
254,367,H2CA39078,Rep.,Linda,Sánchez,D,1969-01-28,F,CA,355,Rep.,Linda,Sánchez,D,1969-01-28,F,CA,linda sánchez
255,369,H6MD03292,Rep.,John,Sarbanes,D,1962-05-22,M,MD,356,Rep.,John,Sarbanes,D,1962-05-22,M,MD,john sarbanes
256,370,H0LA01087,Rep.,Steve,Scalise,R,1965-10-06,M,LA,357,Rep.,Steve,Scalise,R,1965-10-06,M,LA,steve scalise
257,372,H8IL09067,Rep.,Jan,Schakowsky,D,1944-05-26,F,IL,359,Rep.,Jan,Schakowsky,D,1944-05-26,F,IL,jan schakowsky
258,373,H0CA27085,Rep.,Adam,Schiff,D,1960-06-22,M,CA,360,Rep.,Adam,Schiff,D,1960-06-22,M,CA,adam schiff
259,374,H2IL10068,Rep.,Brad,Schneider,D,1961-08-20,M,IL,361,Rep.,Brad,Schneider,D,1961-08-20,M,IL,brad schneider
260,375,H8OR05107,Rep.,Kurt,Schrader,D,1951-10-19,M,OR,362,Rep.,Kurt,Schrader,D,1951-10-19,M,OR,kurt schrader
261,376,H4AZ06045,Rep.,David,Schweikert,R,1962-03-03,M,AZ,364,Rep.,David,Schweikert,R,1962-03-03,M,AZ,david schweikert
262,377,H6VA01117,Rep.,Robert,Scott,D,1947-04-30,M,VA,367,Rep.,Robert,Scott,D,1947-04-30,M,VA,robert scott
263,378,H2GA13012,Rep.,David,Scott,D,1945-06-27,M,GA,365,Rep.,David,Scott,D,1945-06-27,M,GA,david scott
264,379,H0GA08099,Rep.,Austin,Scott,R,1969-12-10,M,GA,366,Rep.,Austin,Scott,R,1969-12-10,M,GA,austin scott
265,380,H8WI09050,Rep.,F.,Sensenbrenner,R,1943-06-14,M,WI,368,Rep.,F.,Sensenbrenner,R,1943-06-14,M,WI,f. sensenbrenner
266,381,H0NY18065,Rep.,José,Serrano,D,1943-10-24,M,NY,369,Rep.,José,Serrano,D,1943-10-24,M,NY,josé serrano
267,383,H0AL07086,Rep.,Terri,Sewell,D,1965-01-01,F,AL,370,Rep.,Terri,Sewell,D,1965-01-01,F,AL,terri sewell
268,385,H6CA24113,Rep.,Brad,Sherman,D,1954-10-24,M,CA,372,Rep.,Brad,Sherman,D,1954-10-24,M,CA,brad sherman
269,386,H2IL20042,Rep.,John,Shimkus,R,1958-02-21,M,IL,374,Rep.,John,Shimkus,R,1958-02-21,M,IL,john shimkus
270,388,H8ID02064,Rep.,Mike,Simpson,R,1950-09-08,M,ID,375,Rep.,Mike,Simpson,R,1950-09-08,M,ID,mike simpson
271,390,H6NJ13191,Rep.,Albio,Sires,D,1951-01-26,M,NJ,376,Rep.,Albio,Sires,D,1951-01-26,M,NJ,albio sires
272,392,H8NJ04014,Rep.,Christopher,Smith,R,1953-03-04,M,NJ,380,Rep.,Christopher,Smith,R,1953-03-04,M,NJ,christopher smith
273,394,H4MO08162,Rep.,Jason,Smith,R,1980-06-16,M,MO,381,Rep.,Jason,Smith,R,1980-06-16,M,MO,jason smith
274,395,H6WA09025,Rep.,Adam,Smith,D,1965-06-15,M,WA,379,Rep.,Adam,Smith,D,1965-06-15,M,WA,adam smith
275,396,H6NE03115,Rep.,Adrian,Smith,R,1970-12-19,M,NE,378,Rep.,Adrian,Smith,R,1970-12-19,M,NE,adrian smith
276,397,H6PA16320,Rep.,Lloyd,Smucker,R,1964-01-23,M,PA,382,Rep.,Lloyd,Smucker,R,1964-01-23,M,PA,lloyd smucker
277,398,H6FL09179,Rep.,Darren,Soto,D,1978-02-25,M,FL,383,Rep.,Darren,Soto,D,1978-02-25,M,FL,darren soto
278,399,H8CA12171,Rep.,Jackie,Speier,D,1950-05-14,F,CA,386,Rep.,Jackie,Speier,D,1950-05-14,F,CA,jackie speier
279,400,H4NY21079,Rep.,Elise,Stefanik,R,1984-07-02,F,NY,389,Rep.,Elise,Stefanik,R,1984-07-02,F,NY,elise stefanik
280,401,H2UT02324,Rep.,Chris,Stewart,R,1960-07-15,M,UT,393,Rep.,Chris,Stewart,R,1960-07-15,M,UT,chris stewart
281,402,H8OH15076,Rep.,Steve,Stivers,R,1965-03-24,M,OH,394,Rep.,Steve,Stivers,R,1965-03-24,M,OH,steve stivers
282,403,H6NY03247,Rep.,Thomas,Suozzi,D,1962-08-31,M,NY,395,Rep.,Thomas,Suozzi,D,1962-08-31,M,NY,thomas suozzi
283,404,H2CA15094,Rep.,Eric,Swalwell,D,1980-11-16,M,CA,396,Rep.,Eric,Swalwell,D,1980-11-16,M,CA,eric swalwell
284,405,H2CA43245,Rep.,Mark,Takano,D,1960-12-10,M,CA,397,Rep.,Mark,Takano,D,1960-12-10,M,CA,mark takano
285,408,H4MS02068,Rep.,Bennie,Thompson,D,1948-01-28,M,MS,400,Rep.,Bennie,Thompson,D,1948-01-28,M,MS,bennie thompson
286,409,H8CA01109,Rep.,Mike,Thompson,D,1951-01-24,M,CA,401,Rep.,Mike,Thompson,D,1951-01-24,M,CA,mike thompson
287,410,H8PA05071,Rep.,Glenn,Thompson,R,1959-07-27,M,PA,399,Rep.,Glenn,Thompson,R,1959-07-27,M,PA,glenn thompson
288,411,H4TX13014,Rep.,William,Thornberry,R,1958-07-15,M,TX,402,Rep.,William,Thornberry,R,1958-07-15,M,TX,william thornberry
289,413,H6CO03139,Rep.,Scott,Tipton,R,1956-11-09,M,CO,405,Rep.,Scott,Tipton,R,1956-11-09,M,CO,scott tipton
290,414,H8NV03036,Rep.,Dina,Titus,D,1950-05-23,F,NV,406,Rep.,Dina,Titus,D,1950-05-23,F,NV,dina titus
291,415,H8NY21203,Rep.,Paul,Tonko,D,1949-06-18,M,NY,408,Rep.,Paul,Tonko,D,1949-06-18,M,NY,paul tonko
292,416,H4CA35031,Rep.,Norma,Torres,D,1965-04-04,F,CA,409,Rep.,Norma,Torres,D,1965-04-04,F,CA,norma torres
293,419,H2OH03067,Rep.,Michael,Turner,R,1960-01-11,M,OH,413,Rep.,Michael,Turner,R,1960-01-11,M,OH,michael turner
294,420,H6MI04113,Rep.,Fred,Upton,R,1953-04-23,M,MI,415,Rep.,Fred,Upton,R,1953-04-23,M,MI,fred upton
295,422,H2CA50026,Rep.,Juan,Vargas,D,1961-03-07,M,CA,418,Rep.,Juan,Vargas,D,1961-03-07,M,CA,juan vargas
296,423,H2TX33073,Rep.,Marc,Veasey,D,1971-01-03,M,TX,419,Rep.,Marc,Veasey,D,1971-01-03,M,TX,marc veasey
297,424,H2TX27190,Rep.,Filemon,Vela,D,1963-02-13,M,TX,420,Rep.,Filemon,Vela,D,1963-02-13,M,TX,filemon vela
298,425,H2NY00010,Rep.,Nydia,Velázquez,D,1953-03-28,F,NY,421,Rep.,Nydia,Velázquez,D,1953-03-28,F,NY,nydia velázquez
299,426,H4IN01012,Rep.,Peter,Visclosky,D,1949-08-13,M,IN,422,Rep.,Peter,Visclosky,D,1949-08-13,M,IN,peter visclosky
300,427,H2MO02102,Rep.,Ann,Wagner,R,1962-09-13,F,MO,423,Rep.,Ann,Wagner,R,1962-09-13,F,MO,ann wagner
301,428,H4MI07103,Rep.,Tim,Walberg,R,1951-04-12,M,MI,424,Rep.,Tim,Walberg,R,1951-04-12,M,MI,tim walberg
302,429,H6OR02116,Rep.,Greg,Walden,R,1957-01-10,M,OR,425,Rep.,Greg,Walden,R,1957-01-10,M,OR,greg walden
303,430,H4NC06052,Rep.,Mark,Walker,R,1969-05-20,M,NC,426,Rep.,Mark,Walker,R,1969-05-20,M,NC,mark walker
304,431,H0IN02190,Rep.,Jackie,Walorski,R,1963-08-17,F,IN,427,Rep.,Jackie,Walorski,R,1963-08-17,F,IN,jackie walorski
305,434,H4FL20023,Rep.,Debbie,Wasserman Schultz,D,1966-09-27,F,FL,429,Rep.,Debbie,Wasserman Schultz,D,1966-09-27,F,FL,debbie wasserman schultz
306,435,H4CA23011,Rep.,Maxine,Waters,D,1938-08-15,F,CA,430,Rep.,Maxine,Waters,D,1938-08-15,F,CA,maxine waters
307,436,H4NJ12149,Rep.,Bonnie,Watson Coleman,D,1945-02-06,F,NJ,432,Rep.,Bonnie,Watson Coleman,D,1945-02-06,F,NJ,bonnie watson coleman
308,437,H2TX14149,Rep.,Randy,Weber,R,1953-07-02,M,TX,433,Rep.,Randy,Weber,R,1953-07-02,M,TX,randy weber
309,438,H0FL08208,Rep.,Daniel,Webster,R,1949-04-27,M,FL,434,Rep.,Daniel,Webster,R,1949-04-27,M,FL,daniel webster
310,439,H6VT00160,Rep.,Peter,Welch,D,1947-05-02,M,VT,435,Rep.,Peter,Welch,D,1947-05-02,M,VT,peter welch
311,440,H2OH02085,Rep.,Brad,Wenstrup,R,1958-06-17,M,OH,436,Rep.,Brad,Wenstrup,R,1958-06-17,M,OH,brad wenstrup
312,441,H4AR04048,Rep.,Bruce,Westerman,R,1967-11-18,M,AR,437,Rep.,Bruce,Westerman,R,1967-11-18,M,AR,bruce westerman
313,443,H2TX33040,Rep.,Roger,Williams,R,1949-09-13,M,TX,440,Rep.,Roger,Williams,R,1949-09-13,M,TX,roger williams
314,444,H2SC02059,Rep.,Joe,Wilson,R,1947-07-31,M,SC,441,Rep.,Joe,Wilson,R,1947-07-31,M,SC,joe wilson
315,445,H0FL17068,Rep.,Frederica,Wilson,D,1942-11-05,F,FL,442,Rep.,Frederica,Wilson,D,1942-11-05,F,FL,frederica wilson
316,446,H8VA01147,Rep.,Robert,Wittman,R,1959-02-03,M,VA,443,Rep.,Robert,Wittman,R,1959-02-03,M,VA,robert wittman
317,447,H0AR03055,Rep.,Steve,Womack,R,1957-02-18,M,AR,444,Rep.,Steve,Womack,R,1957-02-18,M,AR,steve womack
318,448,H0GA07133,Rep.,Rob,Woodall,R,1970-02-11,M,GA,445,Rep.,Rob,Woodall,R,1970-02-11,M,GA,rob woodall
319,449,H6KY03124,Rep.,John,Yarmuth,D,1947-11-04,M,KY,447,Rep.,John,Yarmuth,D,1947-11-04,M,KY,john yarmuth
320,451,H2FL06109,Rep.,Ted,Yoho,R,1955-04-13,M,FL,448,Rep.,Ted,Yoho,R,1955-04-13,M,FL,ted yoho
321,452,H6AK00045,Rep.,Don,Young,R,1933-06-09,M,AK,449,Rep.,Don,Young,R,1933-06-09,M,AK,don young
322,454,H8NY01148,Rep.,Lee,Zeldin,R,1980-01-30,M,NY,450,Rep.,Lee,Zeldin,R,1980-01-30,M,NY,lee zeldin
323,0,S2TN00058,Sen.,Lamar,Alexander,R,1940-07-03,M,TN,0,Sen.,Lamar,Alexander,R,1940-07-03,M,TN,lamar alexander
324,2,S6WY00068,Sen.,John,Barrasso,R,1952-07-21,M,WY,2,Sen.,John,Barrasso,R,1952-07-21,M,WY,john barrasso
325,3,S0CO00211,Sen.,Michael,Bennet,D,1964-11-28,M,CO,3,Sen.,Michael,Bennet,D,1964-11-28,M,CO,michael bennet
326,4,S0CT00177,Sen.,Richard,Blumenthal,D,1946-02-13,M,CT,5,Sen.,Richard,Blumenthal,D,1946-02-13,M,CT,richard blumenthal
327,6,S4NJ00185,Sen.,Cory,Booker,D,1969-04-27,M,NJ,7,Sen.,Cory,Booker,D,1969-04-27,M,NJ,cory booker
328,9,S4NC00089,Sen.,Richard,Burr,R,1955-11-30,M,NC,11,Sen.,Richard,Burr,R,1955-11-30,M,NC,richard burr
329,10,S8WA00194,Sen.,Maria,Cantwell,D,1958-10-13,F,WA,12,Sen.,Maria,Cantwell,D,1958-10-13,F,WA,maria cantwell
330,13,S8DE00079,Sen.,Thomas,Carper,D,1947-01-23,M,DE,15,Sen.,Thomas,Carper,D,1947-01-23,M,DE,thomas carper
331,14,S6PA00217,Sen.,Bob,Casey,D,1960-04-13,M,PA,16,Sen.,Bob,Casey,D,1960-04-13,M,PA,bob casey
332,17,S6ME00159,Sen.,Susan,Collins,R,1952-12-07,F,ME,18,Sen.,Susan,Collins,R,1952-12-07,F,ME,susan collins
333,18,S0DE00092,Sen.,Christopher,Coons,D,1963-09-09,M,DE,19,Sen.,Christopher,Coons,D,1963-09-09,M,DE,christopher coons
334,20,S2TX00106,Sen.,John,Cornyn,R,1952-02-02,M,TX,20,Sen.,John,Cornyn,R,1952-02-02,M,TX,john cornyn
335,21,S6NV00200,Sen.,Catherine,Cortez Masto,D,1964-03-29,F,NV,21,Sen.,Catherine,Cortez Masto,D,1964-03-29,F,NV,catherine cortez masto
336,23,S8ID00027,Sen.,Michael,Crapo,R,1951-05-20,M,ID,24,Sen.,Michael,Crapo,R,1951-05-20,M,ID,michael crapo
337,24,S2TX00312,Sen.,Ted,Cruz,R,1970-12-22,M,TX,25,Sen.,Ted,Cruz,R,1970-12-22,M,TX,ted cruz
338,25,S2MT00096,Sen.,Steve,Daines,R,1962-08-20,M,MT,26,Sen.,Steve,Daines,R,1962-08-20,M,MT,steve daines
339,28,S6IL00151,Sen.,Richard,Durbin,D,1944-11-21,M,IL,28,Sen.,Richard,Durbin,D,1944-11-21,M,IL,richard durbin
340,29,S6WY00126,Sen.,Michael,Enzi,R,1944-02-01,M,WY,29,Sen.,Michael,Enzi,R,1944-02-01,M,WY,michael enzi
341,30,S4IA00129,Sen.,Joni,Ernst,R,1970-07-01,F,IA,30,Sen.,Joni,Ernst,R,1970-07-01,F,IA,joni ernst
342,31,S0CA00199,Sen.,Dianne,Feinstein,D,1933-06-22,F,CA,31,Sen.,Dianne,Feinstein,D,1933-06-22,F,CA,dianne feinstein
343,32,S2NE00094,Sen.,Deb,Fischer,R,1951-03-01,F,NE,32,Sen.,Deb,Fischer,R,1951-03-01,F,NE,deb fischer
344,35,S4CO00395,Sen.,Cory,Gardner,R,1974-08-22,M,CO,33,Sen.,Cory,Gardner,R,1974-08-22,M,CO,cory gardner
345,37,S0SC00149,Sen.,Lindsey,Graham,R,1955-07-09,M,SC,35,Sen.,Lindsey,Graham,R,1955-07-09,M,SC,lindsey graham
346,38,S0IA00028,Sen.,Charles,Grassley,R,1933-09-17,M,IA,36,Sen.,Charles,Grassley,R,1933-09-17,M,IA,charles grassley
347,39,S6CA00584,Sen.,Kamala,Harris,D,1964-10-20,F,CA,37,Sen.,Kamala,Harris,D,1964-10-20,F,CA,kamala harris
348,40,S6NH00091,Sen.,Margaret,Hassan,D,1958-02-27,F,NH,38,Sen.,Margaret,Hassan,D,1958-02-27,F,NH,margaret hassan
349,46,S0ND00093,Sen.,John,Hoeven,R,1957-03-13,M,ND,42,Sen.,John,Hoeven,R,1957-03-13,M,ND,john hoeven
350,48,S4OK00083,Sen.,James,Inhofe,R,1934-11-17,M,OK,44,Sen.,James,Inhofe,R,1934-11-17,M,OK,james inhofe
351,50,S0WI00197,Sen.,Ron,Johnson,R,1955-04-08,M,WI,46,Sen.,Ron,Johnson,R,1955-04-08,M,WI,ron johnson
352,52,S2VA00142,Sen.,Tim,Kaine,D,1958-02-26,M,VA,48,Sen.,Tim,Kaine,D,1958-02-26,M,VA,tim kaine
353,53,S4LA00065,Sen.,John,Kennedy,R,1951-11-21,M,LA,50,Sen.,John,Kennedy,R,1951-11-21,M,LA,john kennedy
354,54,S2ME00109,Sen.,Angus,King,ID,1944-03-31,M,ME,51,Sen.,Angus,King,ID,1944-03-31,M,ME,angus king
355,55,S6MN00267,Sen.,Amy,Klobuchar,D,1960-05-25,F,MN,52,Sen.,Amy,Klobuchar,D,1960-05-25,F,MN,amy klobuchar
356,58,S4VT00017,Sen.,Patrick,Leahy,D,1940-03-31,M,VT,54,Sen.,Patrick,Leahy,D,1940-03-31,M,VT,patrick leahy
357,59,S0UT00165,Sen.,Mike,Lee,R,1971-06-04,M,UT,55,Sen.,Mike,Lee,R,1971-06-04,M,UT,mike lee
358,60,S0WV00090,Sen.,Joe,Manchin,D,1947-08-24,M,WV,57,Sen.,Joe,Manchin,D,1947-08-24,M,WV,joe manchin
359,64,S2KY00012,Sen.,Mitch,McConnell,R,1942-02-20,M,KY,59,Sen.,Mitch,McConnell,R,1942-02-20,M,KY,mitch mcconnell
360,66,S8OR00207,Sen.,Jeff,Merkley,D,1956-10-24,M,OR,62,Sen.,Jeff,Merkley,D,1956-10-24,M,OR,jeff merkley
361,68,S4AK00099,Sen.,Lisa,Murkowski,R,1957-05-22,F,AK,64,Sen.,Lisa,Murkowski,R,1957-05-22,F,AK,lisa murkowski
362,70,S2WA00189,Sen.,Patty,Murray,D,1950-10-11,F,WA,66,Sen.,Patty,Murray,D,1950-10-11,F,WA,patty murray
363,72,S0KY00156,Sen.,Rand,Paul,R,1963-01-07,M,KY,67,Sen.,Rand,Paul,R,1963-01-07,M,KY,rand paul
364,73,S4GA11285,Sen.,David,Perdue,R,1949-12-10,M,GA,68,Sen.,David,Perdue,R,1949-12-10,M,GA,david perdue
365,74,S4MI00355,Sen.,Gary,Peters,D,1958-12-01,M,MI,69,Sen.,Gary,Peters,D,1958-12-01,M,MI,gary peters
366,75,S0OH00133,Sen.,Rob,Portman,R,1955-12-19,M,OH,70,Sen.,Rob,Portman,R,1955-12-19,M,OH,rob portman
367,76,S6RI00163,Sen.,Jack,Reed,D,1949-11-12,M,RI,71,Sen.,Jack,Reed,D,1949-11-12,M,RI,jack reed
368,77,S8ID00092,Sen.,Jim,Risch,R,1943-05-03,M,ID,72,Sen.,Jim,Risch,R,1943-05-03,M,ID,jim risch
369,78,S6KS00080,Sen.,Pat,Roberts,R,1936-04-20,M,KS,73,Sen.,Pat,Roberts,R,1936-04-20,M,KS,pat roberts
370,79,S4SD00049,Sen.,Mike,Rounds,R,1954-10-24,M,SD,76,Sen.,Mike,Rounds,R,1954-10-24,M,SD,mike rounds
371,80,S0FL00338,Sen.,Marco,Rubio,R,1971-05-28,M,FL,77,Sen.,Marco,Rubio,R,1971-05-28,M,FL,marco rubio
372,82,S4NE00090,Sen.,Ben,Sasse,R,1972-02-22,M,NE,79,Sen.,Ben,Sasse,R,1972-02-22,M,NE,ben sasse
373,83,S4HI00136,Sen.,Brian,Schatz,D,1972-10-20,M,HI,80,Sen.,Brian,Schatz,D,1972-10-20,M,HI,brian schatz
374,84,S8NY00082,Sen.,Charles,Schumer,D,1950-11-23,M,NY,81,Sen.,Charles,Schumer,D,1950-11-23,M,NY,charles schumer
375,87,S0NH00219,Sen.,Jeanne,Shaheen,D,1947-01-28,F,NH,84,Sen.,Jeanne,Shaheen,D,1947-01-28,F,NH,jeanne shaheen
376,88,S6AL00013,Sen.,Richard,Shelby,R,1934-05-06,M,AL,85,Sen.,Richard,Shelby,R,1934-05-06,M,AL,richard shelby
377,90,S8MI00281,Sen.,Debbie,Stabenow,D,1950-04-29,F,MI,88,Sen.,Debbie,Stabenow,D,1950-04-29,F,MI,debbie stabenow
378,92,S4AK00214,Sen.,Dan,Sullivan,R,1964-11-13,M,AK,89,Sen.,Dan,Sullivan,R,1964-11-13,M,AK,dan sullivan
379,93,S6MT00162,Sen.,Jon,Tester,D,1956-08-21,M,MT,90,Sen.,Jon,Tester,D,1956-08-21,M,MT,jon tester
380,94,S2SD00068,Sen.,John,Thune,R,1961-01-07,M,SD,91,Sen.,John,Thune,R,1961-01-07,M,SD,john thune
381,95,S4NC00162,Sen.,Thom,Tillis,R,1960-08-30,M,NC,92,Sen.,Thom,Tillis,R,1960-08-30,M,NC,thom tillis
382,96,S4PA00121,Sen.,Patrick,Toomey,R,1961-11-17,M,PA,93,Sen.,Patrick,Toomey,R,1961-11-17,M,PA,patrick toomey
383,99,S6VA00093,Sen.,Mark,Warner,D,1954-12-15,M,VA,96,Sen.,Mark,Warner,D,1954-12-15,M,VA,mark warner
384,100,S2MA00170,Sen.,Elizabeth,Warren,D,1949-06-22,F,MA,97,Sen.,Elizabeth,Warren,D,1949-06-22,F,MA,elizabeth warren
385,101,S6RI00221,Sen.,Sheldon,Whitehouse,D,1955-10-20,M,RI,98,Sen.,Sheldon,Whitehouse,D,1955-10-20,M,RI,sheldon whitehouse
386,103,S6OR00110,Sen.,Ron,Wyden,D,1949-05-03,M,OR,100,Sen.,Ron,Wyden,D,1949-05-03,M,OR,ron wyden
